{
  "routes": [
    {
      "route": "/static/*",
      "headers": {
        "cache-control": "must-revalidate, max-age=15770000"
      }
    },
    {
      "route": "/login",
      "rewrite": "/.auth/login/aad"
    },
    {
      "route": "/.auth/login/twitter",
      "statusCode": 404
    },
    {
      "route": "/.auth/login/github",
      "statusCode": 404
    },
    {
      "route": "/logout",
      "redirect": "/.auth/logout?post_logout_redirect_uri=/LogoutRedirect"
    },
    {
      "route": "/api/ExecSAMSetup",
      "allowedRoles": ["admin", "editor", "readonly", "authenticated", "anonymous"]
    },
    {
      "route": "/api/AddStandardsDeploy",
      "allowedRoles": ["admin"]
    },
    {
      "route": "/LogoutRedirect",
      "allowedRoles": ["admin", "editor", "readonly", "authenticated", "anonymous"]
    },
    {
      "route": "/404",
      "allowedRoles": ["admin", "editor", "readonly", "authenticated", "anonymous"]
    },
    {
      "route": "/api/RemoveStandard",
      "allowedRoles": ["admin"]
    },
    {
      "route": "/api/add*",
      "allowedRoles": ["admin", "editor"]
    },
    {
      "route": "/api/edit*",
      "allowedRoles": ["admin", "editor"]
    },
    {
      "route": "/api/ExecSendPush",
      "allowedRoles": ["admin", "editor", "readonly"]
    },
    {
      "route": "/api/ExecExcludeTenant",
      "allowedRoles": ["admin"]
    },
    {
      "route": "/api/Exec*",
      "allowedRoles": ["admin", "editor"]
    },
    {
      "route": "/api/Remove*",
      "allowedRoles": ["admin", "editor"]
    },
    {
      "route": "/cipp/*",
      "allowedRoles": ["admin"]
    },
    {
      "route": "/tenant/standards/*",
      "allowedRoles": ["admin"]
    },
    {
      "route": "/",
      "allowedRoles": ["admin", "editor", "readonly", "reader", "authenticated", "anonymous"]
    },
    {
      "route": "/api/Public*",
      "allowedRoles": ["admin", "editor", "readonly", "reader", "authenticated", "anonymous"]
    },
    {
      "route": "*",
      "allowedRoles": ["admin", "editor", "readonly", "reader"]
    }
  ],
  "navigationFallback": {
    "rewrite": "index.html",
    "exclude": ["/static/*.{png,jpg,gif}", "/css/*"]
  },
  "responseOverrides": {
    "401": {
      "rewrite": "/401"
    },
    "403": {
      "rewrite": "/403"
    },
    "404": {
      "rewrite": "/404"
    }
  },
  "globalHeaders": {
    "content-security-policy": "default-src https: blob: 'unsafe-eval' 'unsafe-inline'; object-src 'self' blob:; img-src 'self' blob: data: *"
  },
  "mimeTypes": {
    ".json": "text/json"
  }
}
