{
  "accessrights": "AccessRights",
  "accountenabled": "Enabled",
  "acquisitiondate": "Purchased on",
  "actions": "Actions",
  "activateddatetime": "Activated",
  "activationstate": "Activation State",
  "activesyncenabled": "ActiveSync Enabled",
  "additionalemailaddresses": "Additional Email Addresses",
  "affecteddevices": "Affected Devices Names",
  "affecteddevicescount": "# Affected Devices",
  "allocated": "Allocated (GB)",
  "applicationid": "Application ID",
  "assignedlicenses": "Licenses",
  "assignedto": "Assigned to User",
  "autoextendduration": "Auto Extend",
  "avgseconds": "Avg (seconds)",
  "builtincontrols": "Built-in Controls",
  "callcount": "Call Count",
  "cippconnectortype": "Type",
  "clientapptypes": "Client App Types",
  "clienttype": "Client Type",
  "clientversion": "Client Version",
  "command": "Command",
  "comment": "Comment",
  "companyname": "Company",
  "created": " Created Date (Local)",
  "createddatetime": "Created",
  "customer/displayname": "Tenant",
  "cveid": "CVE ID",
  "date": "Date",
  "defaultdomainname": "Default Domain",
  "desc": "Description",
  "deviceaccessstate": "Access State",
  "devicefriendlyname": "Friendly Name",
  "devicemodel": "Model",
  "deviceos": "OS",
  "devicetype": "Device Type",
  "dkimenabled": "DKIM Enabled",
  "dmarcactionpolicy": "DMARC Action Policy",
  "dmarcpercentagepass": "DMARC % Pass",
  "dmarcpresent": "DMARC Present",
  "dnssecpresent": "DNSSec Enabled",
  "domain": "Domain",
  "ecpenabled": "ECP Enabled",
  "enddatetime": "End",
  "ewsenabled": "EWS Enabled",
  "excludeapplications": "Exclude Applications",
  "excluded": "Excluded",
  "excludedate": "Exclude Date",
  "excludegroups": "Exclude Groups",
  "excludelocations": "Exclude Locations",
  "excludeplatforms": "Platform Exc",
  "excludeuser": "Exclude User",
  "excludeusers": "Exclude Users",
  "executedtime": "Last executed time",
  "execution": "Execute",
  "executioncount": "Executions",
  "exploitabilitylevel": "Exploit Publicly Available",
  "filecount": "File Count (Total)",
  "firstsync": "First Sync",
  "forwardto": "Forwards To",
  "grantcontrolsoperator": "Control Operator",
  "guid": "GUID",
  "hasarchive": "Archiving Enabled",
  "identity": "Identity",
  "if": "If",
  "imapenabled": "IMAP Enabled",
  "includeapplications": "Include Applications",
  "includegroups": "Include Groups",
  "includelocations": "Include Locations",
  "includeplatforms": "Platform Inc",
  "includeunknowncountriesandregions": "Include Unknown Countries",
  "includeusers": "Include Users",
  "isocountrycode": "Country",
  "isoperatorconnect": "Operator Connect",
  "istransportrulescoped": "Only apply via transport rules",
  "itemcount": "Item Count (Total)",
  "lastactive": "Last Active",
  "lastsuccesssync": "Last Succesfull Sync",
  "lastsyncattempt": "Last Sync Attempt",
  "mail": "Email",
  "mailboxownerid": "Mailbox",
  "mailnickname": "Mail nickname",
  "mailprovider": "Mail Provider",
  "mapienabled": "MAPI Enabled",
  "maxseconds": "Max (seconds)",
  "meetingcount": "Meeting Count",
  "modifieddatetime": "Last Modified",
  "mxpasstest": "MX Pass Test",
  "numbertype": "Number Type",
  "objectid": "Object ID",
  "onpremisessyncenabled": "AD Synced",
  "osplatform": "Platform",
  "owaenabled": "OWA Enabled",
  "parameters": "Parameters",
  "placename": "Location",
  "policyname": "Blocked by Policy",
  "popenabled": "POP Enabled",
  "postexecution": "Sending to",
  "primarysmtpaddress": "Primary E-mail",
  "product_display_name": "Display Name",
  "quickscanoverdue": "CVSS Score",
  "quotagb": "Quota (GB)",
  "quotaused": "Quota Used(%)",
  "rangeorlocation": "Locations or IPs",
  "receivedtime": "Received on",
  "recipientaddress": "Recipient",
  "recipienttype": "Mailbox Type",
  "recipienttypedetails": "Recipient Type Details",
  "recurrence": "Recurrence",
  "requestdate": "Request Date",
  "requestreason": "Reason",
  "requeststatus": "Status",
  "requestuser": "Requester",
  "scheduledtime": "Scheduled Time",
  "scope": "Scope (Permissions)",
  "scorepercentage": "Security Score",
  "securityupdateavailable": "Update Available",
  "senderaddress": "Sender",
  "senderipaddresses": "Sender IP Addresses",
  "service": "Service",
  "smarthost": "Smarthost",
  "softwarename": "Application Name",
  "softwarevendor": "Vendor",
  "spfpassall": "SPF Pass Test",
  "startat": "Migration Started at",
  "starttime": "Permissions Granted (Local)",
  "state": "State",
  "storageusedinbytes": "Used Space (GB)",
  "subject": "Subject",
  "tags": "Tags",
  "taskstate": "Task State",
  "teamschat": "Chat Count",
  "telephonenumber": "Phone Number",
  "template": "Root Template",
  "tenantid": "Tenant ID",
  "tenantname": "Tenant Name",
  "tlsdomain": "TLS Domain",
  "tlssendercertificatename": "Inbound Connector Hostname",
  "tlssettings": "TLS Settings",
  "totalseconds": "Total (seconds)",
  "upn": "UPN",
  "url": "URL",
  "usedgb": "Used (GB)",
  "user": "User",
  "userprincipalname": "User Prinicipal Name",
  "usertype": "User Type",
  "visibility": "Visibility",
  "vulnerabilityseveritylevel": "Severity",
  "locationinfo": "Location Info"
}
